name	code
Admin	ADM
INI	INI
PD	PD
SICK	SICK
STAT	STAT
TOL	TOL
TOWOP	TOWOP
TOWP	TOWP
VAC	VAC
VAC	_VAC
New Cables in the Office	INI24209
Cayman Islands Landfill Fire Training	LFCIPRJ19004
Edson Directions for Landfill Operations	LFCIPRJ20001
Cayman Islands Landfill Fire Response Training	LFCIPRJ20002
Nanaimo Fire Plan	LFCIPRJ20003
DTG Landfill Fire Consulting	LFCIPRJ23001
Australia Barro Landfill Fire	LFCIPRJ23002
688147 Gracia Landfill Soil Deposition Permit	PRJ18063
Cobble Hill Landfill - Closure Plan Update & Implemetation	PRJ18074
Skway Landfill Contaminated Soil	PRJ18075
Pattison Group Closure Plan Update	PRJ18076
Bahamas NPEP Support	PRJ19010
7 Mile Annual Report and GHG Scan 2018	PRJ19011
Hope Monitoring 2019	PRJ19012
Islands Landfill LFG Flare Installation and 2019 GHG Quantification	PRJ19013
Islands Landill 2018 Annual Report	PRJ19014
City of Whitehorse Landfill Operating Contract Developement	PRJ19015
KRRC Soil Fill Plan (Talk to Kamloops Office Before Working on this)	PRJ19016
Vancouver Landfill Consulting for Phase 4 Closure	PRJ19017
Skway Landfill Information for Milestone - Constance Cove	PRJ19049
Everett Crowley Park Methane Emission Investigation	PRJ19050
RDEK Landfills Volumetrics 2019	PRJ19051
Kamloops Landfills Quarterly Aerial Surveys	PRJ19052
City of Terrace Landfill Closure Implementation	PRJ19053
Mission Flats Landfill - LFG Support	PRJ19054
Kamloops Landfills - On Call Support	PRJ19055
Skway Landfill Information  for Centerm Project	PRJ19056
DSS Monitoring 2019	PRJ19057
City of Nelson WWTP Digester Gas Analysis	PRJ19058
Ashcroft Treating Monitoring 2019	PRJ19059
Columbia Valley DOCP	PRJ19060
Hartland Landfill LFG Generation for Different Div. Scenarios	PRJ19061
Hope Landfill Permit Application	PRJ19062
KRRC Construction Services	PRJ19063
Heffley Creek 2019 Volumteric Annual Report	PRJ19064
Lower Nicola 2019 Volumetric Annual Report	PRJ19065
Haines Junction Costing	PRJ19066
SWANA LOB Williams Lake	PRJ19067
MFL LFG Maintenance	PRJ19068
Prince Rupert Landfill Ongoing Operational Support	PRJ19069
Creston Landfill - Budget Planning	PRJ19070
Skway Landfill Constance Cove Material Filling QAQC	PRJ19071
Summerland Sanitary Landfill Annual Report (5-Yr)	PRJ19072
Mission Flats Landfill Fill Plan 2019	PRJ19073
RDKS Forceman Monitoring 2018	PRJ19074
Solaris FortisBC Woodfibre Landfill Engineering Support	PRJ19075
Atlantic Power Annual Report 2020	PRJ20001
Lillooet Landfill Annual Report 2019	PRJ20002
Prince Rupert Lagoon Capital Works	PRJ20003
PRRD Landfills Annual Reporting (3-Yr)	PRJ20004
Cheam Landfill Volumetrics	PRJ20005
Chetwynd Landfill Ph.B Closure Re-Design and Re-Tender	PRJ20006
Hartland Landfill GHG Emission Quantification	PRJ20007
Port Metro SNC Support 2020	PRJ20008
RDKS Forceman Monitoring 2019	PRJ20009
Hazelton WMF 2019 Annual Monitoring Report	PRJ20010
Alberni Clayoquot Regional District DOCPs	PRJ20011
Lower Nicola Landfill 2019 GHG Offset Credit Quantification	PRJ20012
Heffley Creek Landfill 2019 GHG Offset Credit Quantification	PRJ20013
Squamish Landfill Flare & Collection Network	PRJ20014
Inter River Monitoring 2020	PRJ20015
Inter River Park Monitoring 2020	PRJ20015
Third Street Landfill Monitoring 2020	PRJ20016
Meadowland Monitoring 2020	PRJ20017
Hope Monitoring 2020	PRJ20018
Atlantic Power Storm Water Management	PRJ20019
Atlantic Power Storm Water Management Plan	PRJ20019
United Concrete Recycled Glass Management	PRJ20020
Squamish Airspace Capacity	PRJ20021
7 Mile Landfill 2019 Annual Report	PRJ20022
Turks and Caicos Landfill Operations Proposal	PRJ20023
Eleuthera Solid Waste Management Plan	PRJ20024
Vancouver Landfill Consulting Services	PRJ20025
Squamish February 2020 Survey	PRJ20026
Thornhill LFG Flare 2019 GHG Quantification	PRJ20027
Salmon Arm Landfill Phase 3 Expansion QA/QC	PRJ20028
Atlantic Power Landfill Closure Plan Phase 1	PRJ20029
COVID-19 Impact	PRJ20030
Gibraltar Landfill 2020 Engineering Hourly	PRJ20031
7 Mile Landfill Conformance Review	PRJ20032
DSS Monitoring 2020	PRJ20033
Islands Landfill 2019 Monitoring Report	PRJ20034
Domtar Kamloops Mill Flood Prevention Dike Design	PRJ20035
Alberni Valley Ops. Contract Review	PRJ20036
Squamish landfill DOCP LFG Amendment	PRJ20037
Quesnel Landfill Contaminating Lifespan Analysis	PRJ20038
Campbell Mountain Landfill - Leachate Management	PRJ20039
RDNO Leacate Storage Pond Preliminary Design	PRJ20040
Squamish Q1 Monitoring	PRJ20041
MFL LFG System Expansion and Construction Services	PRJ20042
City of Prince Rupert Annual Leachate Analysis and Report	PRJ20043
Quesnel Landfill LFG Probe Design and Install	PRJ20044
Nanaimo Landfill Groundwater Inflow Project	PRJ20045
Canlava Landfill Permitting	PRJ20046
MFL Engineered Berm Detailed Design	PRJ20047
Nanaimo Landfill Pump Station Upgrades	PRJ20048
Nanaimo Landfill Leachate Flushing Safety Plan	PRJ20049
RDEK Monitoring 2020-2024	PRJ20050
Abaco Site Clean Up with Caribbean Green	PRJ20051
Cowichan Valley Waste Audit with KWL	PRJ20052
Oliver Composting Plan	PRJ20053
Abaco Hurricane Dorian Clean Up Proposal for Greg Stuart	PRJ20054
Forceman Landfill Operations Contract for Tender	PRJ20054
Prince Rupert Landfill Advanced LFG Generation Assessment	PRJ20055
Howe Sound Pulp and Paper 2020 Landfill Engineering	PRJ20056
Cheam Operations Plan	PRJ20057
VLF Poschner Construction Environmental Management Plan Vancouver	PRJ20058
Woodfibre LNG Landfill Engineering 2020	PRJ20059
GFL Contract Review	PRJ20060
South Cariboo Landfill DOCP	PRJ20061
Cheam Landfill and Future Site	PRJ20062
Chetwynd Landfill Ph. B Closure Re-Design and Re-tender	PRJ20063
Oliver Landfill DOCP	PRJ20064
Approval for Waste Deposition Permit on Lot 7	PRJ20065
Squamish Comprehensive Engineering Services	PRJ20066
Squamish Comprehensive Engineering Services	PRJ20066A
Chetwynd Landfill Scale Replacement	PRJ20067
Chetwynd Landfill Closure Construction Services	PRJ20068
Forceman Landfill LFG Generation Assessment	PRJ20069
DSS Flare Service 2020	PRJ20070
Prince Rupert Quarry Expansion – 2020	PRJ20071
MoTI Waste Relocation - River Road	PRJ20072
Consolidated Landfill 688147 Construction QA/QC	PRJ20073
Consolidated Landfill Gracia Construction QA/QC	PRJ20074
RDEK Landfill Volumetric Analysis 2020	PRJ20075
Hartland Willis Point Access Analysis	PRJ20076
Golden Landfill Surface Water Design	PRJ20077
Yukon Municipal Landfill Closure and Post Closure Costs	PRJ20078
HVC Engineering Support	PRJ20079
Skway Landfill Volume Analysis	PRJ20080
BC Hydro Penstock Trench Dredgeate Storage Methane Generation Assessment	PRJ20081
Whitecourt Landfill - Drone Survey	PRJ20082
Domtar Landfill Construction Support Services	PRJ20083
SWANA MOLO Course	PRJ20084
CVRD Compost Facility and Transfer Station Design- Phase 1	PRJ20085
West Coast Landfill Leachate Treatment System Upgrades Conceptual Design	PRJ20086
Kitwanga Landfill Closure Plan Update	PRJ20087
Cheam Landfill Leachate Plan	PRJ20088
Prince Rupert Landfill Expansion Phase 2A	PRJ20089
Koppers Ashcroft Monitoring 2020	PRJ20090
Kaien Island Organic Soil Landfill Design Operations and Closure Plan	PRJ20091
DSS Landfill Flare Monthly Inspection and Monitoring	PRJ20092
Summerland Annual Report 2020	PRJ20093
Hartland 2020 Liner Design	PRJ20094
RDKS Drone Surveys 2020	PRJ20095
Quesnel Landfill - LFg Migration Probe Monitoring	PRJ20096
Mission Flats Landfill - LFG Monitoring 2021	PRJ20097
ACRD Site Surveys	PRJ20098
Coquitlam LFG Sampling	PRJ20099
Skway Landfill Contaminating Lifespan Analysis	PRJ20100
Quesnel Landfill Annual Report 2020	PRJ20101
Lillooet Landfill Annual Report 2020	PRJ20102
Squamish Landfill Airspace Optimization	PRJ20103
Atlantic Power - Phase 2 Closure Plan	PRJ20104
Atlantic Power - 2021 Annual Report	PRJ20105
Atlantic Power - SW MGMT Retainer	PRJ20106
Central Landfill - Lateral Expansion Concept and Costing	PRJ20107
Prince Rupert Organics Grant Application	PRJ20108
Value of Airspace Analysis - PRRD Landfills	PRJ20109
Central Landfill - Phase B Concept Design and Costing	PRJ21001
Mission Flats Landfill LFG Monitoring 2021	PRJ21002
CRD Site Surveys	PRJ21003
Thornhill Landfill Closure Assessment	PRJ21004
Inter River Monitoring 2021	PRJ21008
Meadowland Monitoring 2021	PRJ21010
DSS Monitoring 2021	PRJ21011
Creston Survey Processing Support	PRJ21012
CML Master Plan and DOCP	PRJ21013
Forceman Monitoring Report 2020	PRJ21014
Hazelton Monitoring Report 2020	PRJ21015
Ridley Quarries Master Plan	PRJ21016
Gibraltar Mines Tire Impact Assessment	PRJ21017
MFL - Aggregate Exploration Plan	PRJ21018
Squamish LF North Slope Surface Scan	PRJ21019
Nanaimo Landfill LFG Dispute Resolution	PRJ21020
Port Metro Lagoons SNC Support 2021	PRJ21021
Meadowland  South MSE Wall	PRJ21022
7 Mile 2020 Annual Report	PRJ21023K
Green Turtle Cay Proposal	PRJ21024
Domtar Aerial Survey - South Property	PRJ21025
Mission Flats Landfill CO Probe Installation	PRJ21026
Highland Valley Landfill Permitting	PRJ21027
Hope LF Monitoring 2021	PRJ21028
Old Cranbrook Flare Inspection 2021	PRJ21029
MFL Survey Support	PRJ21030K
Cheam Landfill Closure Plan	PRJ21031
Thornhill LFG Flare Service & 2020 GHG Quantification	PRJ21032
Phase 1 Environmental for Acres Enterprises Ltd.	PRJ21033K
Prince Rupert Landfill 2020 Water Quality Report	PRJ21034
Whitecourt Landfill Survey and Volumetrics	PRJ21035K
Central Landfill Expansion Design and Construction Services	PRJ21036K
Quesnel Landfill LFG Migration Control	PRJ21037
Whistler Landfill LFG Migration Assessment	PRJ21038
Vancouver Landfill End Use Planning	PRJ21039
Kentron Concrete Batch Plant	PRJ21040
Lower Nicola BioCover 2020 GHG Report	PRJ21041
Heffley Creek BioCover 2020 GHG Report	PRJ21042
Hampton Forest Products	PRJ21043
Islands Landfill Monitoring and Engineering Support	PRJ21044
Taan Forest Products	PRJ21045
South Cariboo Landfill Fill Plan	PRJ21046
Howe Sound Pulp and Paper 2021 Engineering	PRJ21047
Fortis Okanagan Capacity Upgrade - at CML	PRJ21048K
Quesnel Landfill - Phase 1 Perimeter Berm Design	PRJ21049K
Prince Rupert Phase 1 East Face Closure	PRJ21050
Prince Rupert Phase 1 West Filling Plan	PRJ21051
Prince Rupert Master Plan and DOCP Update	PRJ21052
RDKS Recycling RFP Assistance	PRJ21053
Revelstoke Progressive Closure Design	PRJ21054K
Gibraltar Landfill Leachate Management Plan Update	PRJ21055
Cheam Landfill Leachate Treatment System Design and QA/QC	PRJ21056
RDOS Buyers Team Support	PRJ21057
Prince Rupert Landfill CAD Shared Surfaces (no budget)	PRJ21058
Vancouver Everett Crowley Park - Leachate Seep	PRJ21059
Forceman Landfill Compaction Survey 2021	PRJ21060
Forceman Ridge Bearfence and Gates ITT Support	PRJ21061
Squamish GFL Fill Plan Support	PRJ21062
Vancouver Alternate Access Study	PRJ21064
Emterra Proposal Assistance	PRJ21065
CSRD Economic Analysis for SWMP	PRJ21066K
Squamish LFG Skid Installation RFQ	PRJ21067
City of Terrace Interim Leachate Treatment System	PRJ21068
Lillooet Landfill Criteria Buffer Mapping	PRJ21069K
7 Mile Landfill Contaminating Lifespan Analysis	PRJ21070K
PRRD Landfills Annual Reporting - 2020	PRJ21071K
City of Terrace Landfill Closure Plan	PRJ21072
Surrey Soil Relocation To Chaumox	PRJ21073
Salmon Arm Landfill Fire Plan	PRJ21074K
Hartland Landfill DOCP Update	PRJ21075
Squamish Landfill Passive LFG Termination	PRJ21076
Mission Flats Landfill - Leachate Conveyance Support	PRJ21077K
Whitecourt Landfill Re-Grading Design and Specifications	PRJ21078
Vancouver Landfill Aerial Mapping	PRJ21079
Salmon Arm Landfill LFG Quality Investigation	PRJ21080
KRRC Lateral Expansion Design - Preliminary Design	PRJ21081K
Woodfibre Landfill Closure (2022)	PRJ21082
RDEK Central Subregion Landfill DOCP Update and Conformance Review	PRJ21083K
Creston Site Visit and Operations Discussion	PRJ21084K
Squamish LF Active Phase Fire Response	PRJ21085
Invermere Transfer Station Design - simplified z-wall	PRJ21086K
Squamish LFG O&M Manual and Operation Training	PRJ21087
Gibraltar Mine Landfill LFG Investigations and Training	PRJ21088
Quesnel Landfill DOCP	PRJ21089K
BRAR Crest Expansion	PRJ21090
DSS Stormwater Pond Conversion	PRJ21091
Mission Flats Landfill - Access Road Design & Layout	PRJ21092K
Lillooet Landfill DOCP	PRJ21093K
Karan Sidhu Proposed Industrial Development	PRJ21094
Strawberry Hill Waste Facility Detailed Design	PRJ21095K
TteS Landfill Closure Plan Update	PRJ21096K
Boundary Consulting Services Ltd.	PRJ21097
11 Mile Quarry with Ralph McRae	PRJ21098
Drafting Support for Matcon	PRJ21099
Domtar Landfill Inclinometer Monitoring	PRJ21100K
Squamish LF Optimization - DOCP Fill Plan and Capital Plan Update	PRJ21101
Skway LFG Flare Service 2021	PRJ21102
Lillooet Annual Report 2021	PRJ21103K
NCRD Solid Waste Management Plan Update	PRJ21104
Calgary Ocean Trailer Stormwater Design	PRJ21105
Squamish Active LFG System Operation Support 2021	PRJ21106
Alberni Valley and West Coast Landfill	PRJ21107
Salmon Arm Landfill - Detailed Volumetric Tracking	PRJ21108
RDEK Engineering Support 2022	PRJ22001
Squamish Landfill LFG System Operation & Monitoring Support 2022	PRJ22002
Mission Flats LFG System Expansion	PRJ22003
Quesnel Landfill Annual Report - 2021	PRJ22004
Summerland Sanitary Landfill Annual Report - 2021	PRJ22005
MFL LFG Monitoring and Support 2022	PRJ22006
MFL Cost Savings From Organics Diversion Programs	PRJ22007
Gibraltar ICIP Grant Application Support	PRJ22008
Salmon Arm Landfill - Engineering Support 2022	PRJ22009
CSRD Salmon Arm, Golden, Sicamous, Revelstoke LFG Assessment	PRJ22010
Strawberry Hill Waste Facility Construction Admin and QAQC	PRJ22011
TteS Landfill Closure Construction Admin and QAQC	PRJ22012
Revelstoke Landfill - Closure Tender Support	PRJ22013
YVR Marine Receiving Area Methane Investigations for RAM	PRJ22014
Central Subregion LF GHG reduction Feasibility Study for ICIP Grant Application	PRJ22015
Hartland Landfill Stockpile Stability	PRJ22016
HVC 2021 Lornex Landfill Annual Report	PRJ22017
HVC Annual Report 2021	PRJ22017
Haines Junction SWMP	PRJ22018
Mission Flats Landfill - Operational Support	PRJ22020
Atlantic Power Annual Reporting 2022	PRJ22021
7 Mile DOCP Update	PRJ22022
Kamloops Landfills - Quarterly Surveys	PRJ22023
Prince Rupert Waste Disposal Support	PRJ22024
KRRC Phase 3 Expansion - Detailed Design	PRJ22025
KRRC Phase 3 Detailed Design	PRJ22025K
Creston Landfill - Phase 1E Detailed Design, Tendering and QAQC	PRJ22026
Creston Phase 1E Detailed Design	PRJ22026
Vernon Organics Engagement	PRJ22028
Central Subregion LF Supplementary LFG Generation Assessment	PRJ22029
Columbia Valley LF Supplementary LFG Generation Assessment	PRJ22030
Vernon Refuse Collection Bylaw Update	PRJ22031
CRD Hartland LF 5-year LFG Consultation Support	PRJ22032
DSS Monitoring 2022	PRJ22033
Meadowland Monitoring 2022	PRJ22034
Third Street Monitoring 2022	PRJ22035
Hope Monitoring 2022	PRJ22036
Meziadin Landfill 2021 Annual Monitoring Report	PRJ22037
Anmore Website RFP	PRJ22038
GFL Bioswale Engineering Design Highwest	PRJ22039
Campbell Mountain Landfill BioCover Engineering Support	PRJ22040
Haida Gwaii Landfill Solar Flare Installation Support (Islands)	PRJ22041
Quesnel Landfill LFG Migration Control System Detailed Design & CQA	PRJ22042
Hartland Landfill Planning for Cell 4 and 5 Liner	PRJ22043
GFL Dawson Creek Industrial Landfill Permitting	PRJ22044
Mission Flats Landfill - Methane Emissions Measurements	PRJ22045
Hartland Landfill Leachate Containment Strategy	PRJ22046
Cariboo RD Site Surveys Williams Lake 100 Mile House	PRJ22047
7 Mile Annual Report 2021	PRJ22048
Leachate Management Plan Update	PRJ22049
Gibraltar Land ENG Support 2022	PRJ22050
Lillooet Landfill - Blast Media Acceptance Review	PRJ22051
Squamish Landfill Lateral Expansion Concept Design	PRJ22052
Barnhartvale DOCP	PRJ22053
Barnhartvale Landfill DOCP Update	PRJ22053K
Central Annual Report	PRJ22054K
Central Subregion Landfill Annual Report	PRJ22054K
Port Metro Vancouver Support for Lagoons	PRJ22055
Sechelt Landfill Expansion Feasibility Assessment	PRJ22056
Summerland Landfill DOCP and Master Plan	PRJ22057
Summerland Sanitary Landfill Master Plan and DOCP	PRJ22057K
Ocean Trailer Development  Port Edward, B.C	PRJ22058
Islands Landfill 2022 Report and Engineering Support	PRJ22059
Sub-Slab Methane Mitigation Consulting Support with BBA	PRJ22060
Inter River Park GHG Emission Assessment 2022	PRJ22061
RDEK GW Monitoring Year 3	PRJ22062
RDEK Groundwater Monitoring Year 3	PRJ22062K
Central Subregion Landfill - Volumetric Analysis	PRJ22063K
Mission Flats Landfill - LFG Expansion QAQC	PRJ22064K
Gold Bridge TS Septic Trench Risk Assessment	PRJ22065K
PRRD Landfills Annual Reporting 2021	PRJ22066K
REDEK Legacy Landfill Assesment	PRJ22067K
Revelstoke Landfill - Closure QAQC	PRJ22068K
Port Metro Vancouver Leachate Treatment Survey	PRJ22070
Bailey Landfill LFG System Review Site Visit	PRJ22071
CRD South Cariboo Site Surveys 2022	PRJ22072
CRD Williams Lake Landfill Landslide Response	PRJ22073
Billy Lake Dam - Dam Inspection	PRJ22074
Domtar Quarterly Inclinometer Monitoring	PRJ22075
Creston Landfill Flare Annual Service and 2021 GHG Reporting	PRJ22076
Radium Transfer Station Design	PRJ22077K
Columbia Valley Landfill - Volumetric Analysis	PRJ22078K
Inter River Park BioFilter Construction Support	PRJ22079
Sub Slab Methane Health and Safety Review	PRJ22081
KRRC Filling Area Improvements - Construction Administration	PRJ22082
Creston Landfill - Phase 2 Filling Plan	PRJ22083
Alberni Valley Landfill - Phase 1 Scope Change	PRJ22084
Vancouver Landfill DOPC	PRJ22085
VLF - Consulting Services for Landfilll Design, Operations and Progressive Plan	PRJ22085
Bailey Landfill Comprehensive LFG Management System Review	PRJ22086
Whitecourt Landfill - Expansion Design and Approvals	PRJ22087
BCQLO - Williams Lake: Sept. 27-28	PRJ22088
SIWMA - Salmon Arm: Sept 21-23	PRJ22089
Howe Sound Pulp and Paper 2022 Engineering	PRJ22090
Lillooet Landfill - Soil Acceptance Review	PRJ22091
Ralmax - Engineering Services	PRJ22092
Kelowna Glenmore RDO Accident Expert Wittness	PRJ22093
CP Staff Housing Testing Support	PRJ22094K
Alberni Clayoquot Regional District Site Survey	PRJ22095
SkideGate Septage Lagoon Treatment Management Plan	PRJ22096
Landfill Due Diligence Review for E360s	PRJ22097
MFL Transfer Station Trailer Relocation	PRJ22098
Kruger Landfill - Mine Operations Mapping	PRJ22099
Quesnel Landfill - Drainage Discussions	PRJ22100
Inter River - Well Head Inspection	PRJ22101
Alpha Leachate Collector	PRJ22102
Forceman Landfill Compaction Survey 2022	PRJ22103
Kamloops Archeology Material Management	PRJ22104
Quesnel Landfill Annual Report - 2021	PRJ22106
Lillooet Landfill - Compost Facility Compliance Review	PRJ22107
Inter River Monitoring Report 2022 - Billed to PRJ21008	PRJ22108
Hartland Landfill Cell 4 5  6 Liner Related Infrastructure Design Services	PRJ23001
MFL LFG Monitoring and Maintenance	PRJ23002
UBC Compost Management Support	PRJ23003
Revelstoke Landfill - Phase 1 Closure QAQC 2023	PRJ23004
Third Street LF Monitoring 2023	PRJ23005
Kamloops Landfills Quarterly Aerial Surveys 2023	PRJ23006
DSS Pump Station Inspection	PRJ23007
Salmon Arm DOCP Update	PRJ23008
Sicamous DOCP Update	PRJ23009
Meadowland Monitoring 2023	PRJ23010
Lillooet Landfill Annual Report - 2022	PRJ23011
Hope Monitoring 2023	PRJ23012
Highland Valley Copper - Annual Report 2022	PRJ23013
SLRD - Lillooet Landfill Soil Acceptance Criteria	PRJ23014K
KRRC Downchute Detailed Design and QAQC	PRJ23015
Rupert Landfill Workshop	PRJ23016
Rupert Landfill 2023 Time & Materials	PRJ23017
Islands Landfill 2023 Engineering Support	PRJ23018
Summerland Landfill - 2022 Annual Report	PRJ23019
RDKS Iskut and Kitwanga 2022 EEMP Reports	PRJ23020
Hope Landfill Road Design for Canyon Aggregates	PRJ23021
LFG Investigation - China Creek South Skatepark Upgrades	PRJ23022
Barnhartvale & KRRC Supplementary LFG Generation Assessment	PRJ23023
District of Sechelt Septage Receiving Facility Long-Term Plan	PRJ23024
Gracia Landfill	PRJ23025
CRD Site Surveys 2023	PRJ23026
CRD South Cariboo Landfill Perimeter Road Design	PRJ23027
Eskay Creek Mine Landfill Design Support	PRJ23028
RDEK Landfill Annual Reports - Central, Sparwood, Columbia Valley	PRJ23029
DSS Monitoring 2023	PRJ23030
DSS Pump Station Repair Support	PRJ23031
Kitwanga Landfill Closure Support 2023	PRJ23032
GFL Squamish Landfill	PRJ23033
Port Metro Lagoon Support	PRJ23034
Squamish Landfill Monitoring Q1-Q2 2023	PRJ23035
Sparwood Landfill DOCP	PRJ23036
Sparwood Landfill Conformance Review	PRJ23037
Vancouver Landfill Phase 5 Closure	PRJ23038
HVC DOCP Update	PRJ23039
Meziadin Landfill Wetland Design and Construction Services	PRJ23040
Bailey Landfill NE Wedge Liner Extension RFP	PRJ23041
Rupert Phase 1 Closure 2023	PRJ23042
Rupert Ministry Requirements 2023	PRJ23043
Rupert Lagoon Upgrades 2023	PRJ23044
KRRC - Safe Slope Review	PRJ23045
Island Landfill Flare Service and 2022 GHG Quantification	PRJ23046
Hope Landfill Legal Advice	PRJ23047
Hazelton Drone Survey Apr 2023	PRJ23048
Couger Aggregates Contaminated Soil Landfill Permitting	PRJ23049
RDEK Tranfer Station Services Review	PRJ23050
Creston LFG Contract	PRJ23051
7 Mile LF 2022 Annual Report and GHG Quantification	PRJ23052
RDCK LFG Generation Assessments	PRJ23053
SWANA MOLO Course	PRJ23054
Revelstoke Landfill - LFG Flare Install	PRJ23055
Alberni Landfill Phase 1 Design Update	PRJ23056
Central Landfill Leachate Management Plan	PRJ23057
RDEK Environmental Monitoring Year 4	PRJ23058
RDCK Transfer Station Upgrades (Rosebery, Slocan, Nakusp)	PRJ23059
Atlantic Power Annual Monitoring 2023	PRJ23060
KRRC Downchute Borrow Area Access Road Design	PRJ23061
Squamish Comprehensive Engineering July 2023 - July 2024	PRJ23062
Salmon Arm Landfill - 2023 Engineering	PRJ23063
Kamloops Landfills	PRJ23064
Howe Sound Pulp and Paper 2023 Engineering	PRJ23065
RDEK Soil Acceptance QP Review	PRJ23066
Cultus Lake Closure Cost Update	PRJ23067
Lillooet Landfill DOCP - language update	PRJ23068
Inter River Park Wellhead Repair	PRJ23069
Lillooet Landfill LFG and Test Pitting Investigation	PRJ23070
SCRD Landfill Biocover Feasibility Study	PRJ23071
KRRC DOCP	PRJ23072
FortisBC Waste Life Cycle Analysis for Didtrict of Squamish	PRJ23073
Squamish Landfill Operations Support July 2023 - July 2024	PRJ23074
Forceman Landfill Remaining Airspace Analysis	PRJ23075
RDOS Operations Support	PRJ23076
Cougar Aggregates Landfill Project Permitting	PRJ23077
Inter River ATF Technical Support	PRJ23078
KRRC Leachate Management Plan	PRJ23079
SLRD Wildfire Debris Management	PRJ23080
Cowichan Illegal Dump Investigation for ENV	PRJ23081
Hope Legal Support	PRJ23082
Meziadin Hazelton Landfill Remaining Airspace Analysis	PRJ23083
CRD Rotational Consulting until 2026	PRJ23084
7 Mile Landfill - Landfill Contractor RFP Support	PRJ23085
Alberni Clayoquot Regional District Site Survey	PRJ23086
Fairmont Transfer Station - Phase 2 Assessment	PRJ23087
Skway Landfill Flare Service 2023	PRJ23089
Quesnel Landfill - 2023 Annual Report	PRJ23090
Squamish Well Repair	PRJ23091
Summerland Landfill -  Annual Report 2023	PRJ23093
Kruger Mill - GW well repair	PRJ23094
Squamish Landfill LFG Support for ISWM	PRJ23095
Islands Landfill Conformance Review	PRJ23096
Campbell Mtn Landfill - North Ravine Berm Design	PRJ23097
Skway Landfill Flare Of&M 2024	PRJ23098
Inter River Park 2023 GHG Survey for ECCC	PRJ23099
Squamish LFG System Expansion Construction Support	PRJ23100
Campbell Mtn Landfill - GMW Decommissioning	PRJ23101
Carnberry Landfill Permitting	PRJ23102
Arrow Composting - Impermeable Pad Analsyis	PRJ24001
Summerland DOCP Presentation_Internal	PRJ24002
RDEK Landfills - Annual Reporting for 2023	PRJ24003
Third Street Monitoring 2024	PRJ24004
Meadowland Monitoring 2024	PRJ24005
Mission Flats Landfill LFG Annual Report 2023	PRJ24006
Kamloops Landfills Quarterly Aerial Surveys	PRJ24007
Golden Landfill - 2024 DOCP Update	PRJ24008
Islands Landfill 2024 Engineering Support	PRJ24009
Cariboo CRD Site Surveys 2024	PRJ24010
Stswékstem Engineered Waste Management Facility DOCP	PRJ24011
Lillooet Landfill Annual Reporting 2023	PRJ24012
Nanaimo Landfill LFG Consultation Services	PRJ24013
UBC Composting Facility Conceptual Design	PRJ24014
Oliver LF Filling Plan	PRJ24015
Kamloops Landfills - Operational Support	PRJ24016
Islands Landfill 2024 Flare Service and LFG System Inspection	PRJ24017
Howe Sound Pulp and Paper Engineering	PRJ24018
Bailey Sanitary Landfill Filling Plan	PRJ24019
Mission Flats Landfill DOCP Update	PRJ24020
Lillooet Landfill - Hjerpe Response Letter	PRJ24021
DSS Landfill Flare Monthly Inspection and Monitoring 2024	PRJ24022
Central Subregion Landfill - OC review	PRJ24023
Squamish Landfill Expansion Phasing Letter Report	PRJ24024
DSS Monitoring 2024	PRJ24025
Hope Monitoring 2024	PRJ24026
Cranberry Pit Landfill Engineering 2024	PRJ24027
Campbell Mtn Landfill - Test Pitting Investigation	PRJ24028
Columbia Valley Landfill - Progressive Closure Design	PRJ24029
Sparwood Landfill - Progressive Closure	PRJ24030
Whitecourt Landfill DOCP Update	PRJ24031
Whitecourt Landfill - Phase 2A Filling Plan	PRJ24032
7-Mile Landfill Annual Report and GHG Quantification	PRJ24033
Sparwood Landfill - OC Review	PRJ24034
Wasa Phase 2 ESA	PRJ24035
Kruger Mill Mitigation Dike	PRJ24036
Campbell Mtn Landfill - Baseline Biocover Scan	PRJ24037
HVC Annual Report 2023	PRJ24038
Lillooet Landfill - LFG Generation Assessment	PRJ24039
Squamish Landfill Gas Alarm Service	PRJ24040
Thornhill Solar Flare Annual Service	PRJ24041
Highland Valley Copper - Permitting Support 2024	PRJ24042
Highland Valley Copper - Landfill Relocation Design	PRJ24042B
Fairmont TS - Phase 2 ESA follow up	PRJ24043
Salmon Arm Landfill Phase 3B Expansion Design	PRJ24044
Lillooet Landfill - MW Install Administration	PRJ24045
Islands Landfill DOCP 2024	PRJ24046
Haines Junction Landfill - Entrance Upgrade Phase 1	PRJ24047
Bailey Sanitary Landfill LMH#5 Leachate Analysis	PRJ24048
Woodfibre LNG Construction Laydown	PRJ24049
Layfield Geocomposite Evaluation	PRJ24050
Revelstoke Landfill DOCP Update	PRJ24051
Kruger Inclinometer Well Extensions 2024	PRJ24052
Quesnel Landfill - Strategic Planning	PRJ24052
Devine TS Facility Assessment	PRJ24054
Revelstoke Landfill Flare Annual Service	PRJ24055
SWANA MOLO Delta	PRJ24056
IPS - TteS Arch Office Development	PRJ24057
District of Sechelt Septage Auditor Costing	PRJ24058
Atlantic Power Annual Reporting 2024	PRJ24059
Skway Landfill Support to Headland Environmentals	PRJ24060
Matcon Biocell Design	PRJ24061
Kruger Mill - Infrastructure Inventory Mapping	PRJ24062
Squamish Landfill Engineering Support (July 2024 to June 2026)	PRJ24063
Squamish Landfill - As Required Landfill Management and Environmental Monitoring Support	PRJ24064
RDKS Landfill Airspace Analysis	PRJ24065
Smithers & RDBN Organics Study	PRJ24066
Grassland Organics - Compost Monitoring	PRJ24067
RDEK Environmental Monitoring - Year 5	PRJ24068
Oliver Landfill - Supplementary LFG Assessment	PRJ24069
OK Falls - Supplementary LFG Assessment	PRJ24070
TteS Archeology Office Pad Design	PRJ24071
Nakusp Landfill Fill to Closure and Closure Planning	PRJ24072
RDN New Landfill Sitting	PRJ24073
Northwin Landfill 2024 Engineering	PRJ24074
SCRD Vertical Expansion	PRJ24075
Squamish Landfill Lateral Expansion Technical Report	PRJ24076
Squamish Transfer Station (Area 1 and 2)	PRJ24077
Squamish Landfill Transfer Station Layout (Area 4)	PRJ24078
OK Falls Landfill - Overfill Review	PRJ24079
Quesnel Landfill - 5-year Annual Reporting	PRJ24079
Lillooet Landfill - New Contractor Orientation	PRJ24081
Houweling Nurseries Pond - Delta	PRJ24081
Cobble Hill Reconontouring for Ralmax	PRJ24083
Creston Landfill Filling Plan - Contractor Review	PRJ24084
TteS Archaeology Office - Geotechnical Investigation	PRJ24085
Kamloops Landfills Conformance Reviews	PRJ24086
Mission Flats Landfill - LFG Expansion 2025	PRJ24087
RDOS Landfills - Capital Costing Update	PRJ24088
Yukon Wovermine Mine Landfill Feasibility	PRJ24089
Rupert Liquid Waste Disposal Form	PRJ24090
Taylor Landfill Closure Planning	PRJ24091
RDFFG Aerial Survey Services	PRJ24092
Campbell Mtn Landfill - UBCiModel	PRJ24093
Gibraltar Landfill 2024 Survey & Expansion and Closure Costs	PRJ24094
Alberni Clayoquot Regional District Site Survey 2024	PRJ24095
7-Mile Landfill Supplementary LFG Assessment	PRJ24096
Iskut Landfill Fill Plan Update	PRJ24097
RDKB Landfill Conformance Reviews	PRJ24098
Sampling to Determine Cokato Water Use	PRJ24099
Squamish Landfill Lifespan Impact	PRJ24100
RDNO Armstrong Spallumcheen Diversion & Disposal Facility Phase 2 Closure Design	PRJ24101
7-Mile Landfill-Operations Brief for RFP	PRJ24102
Fort Nelson Dumpsite Remediation	PRP20102
Inter River Park Monitoring 2020	PRP20103
Revised Atlantic Power Investigation and Closure Plan	PRP20104
Atlantic Power Storm Water Management Plan	PRP20106
Third Street Landfill Monitoring 2020	PRP20111
Hope Landfill Monitoring 2020	PRP20112
7 Mile Landfill 2019 Annual Report	PRP20114
RDNO Leachate Storage Pond	PRP20115
Howe Sound Pulp and Paper Composting Feasibility	PRP20116
RDFFG Well Field Review and Expansion Foothills Boulevard Regional Landfill	PRP20117
RDEK Groundwater Monitoring 2020-2025 (SHA portion of budget for 2020)	PRP20118
Campbell Mtn Landfill - Leachate Management	PRP20119
AVL and WCL annual operations reports and WCL Economic Analysis	PRP20120
Kamloops Quarterly Aerial Surveys	PRP20123
Domtar Landfill Construction Support Services	PRP20124
Oliver Landfill DOCP and Organics	PRP20127
Quesnel LFG Probe Installation	PRP20129
Salmon Arm - Ph.3 Bulk Excavation Support	PRP20130
7 Mile Landfill Conformance Review	PRP20131
Meziadin Landfill Expansion	PRP20133
Nanaimo Lift Station	PRP20134
KWL Waste Audit Portion of Cowichan Tribes SWMP PRP	PRP20136
Squamish Landfill DOCP Amendment - LFG Management	PRP20138
Squamish Monitoring Q1 2020	PRP20139
Canlava Mine Landfill Permitting	PRP20140
Mission Flats LFG System Expansion Design and QA/QC	PRP20142
Squamish Landfill Comprehensive Engineering services	PRP20145
DOCP South Cariboo Landfill	PRP20149
Chetwynd Landfill Scale	PRP20150
Cheam DOCP Update	PRP20152
Chetwynd Landfill Ph.B Closure Construction Services 2020	PRP20153
Woodfibre LNG Landfill Engineering 2020	PRP20154
Kaien Island Fill Site-Prince Rupert	PRP20155
7 Mile Landfill DOCP	PRP20157
Hartland 2020 Liner Design	PRP20160
Forceman LFG Generation Assessment Report	PRP20161
HSPP Finger Drain Study	PRP20162
Golden Landfill Surface Water Mgmt Design	PRP20165
West Coast Landfill Leachate Treatment System Upgrades	PRP20166
RDEK Landfill Volumetric Tracking	PRP20167
SCRD Future Waste Disposal Options	PRP20168
RDFFG Generic Closure Plan  for Rural Landfill Sites	PRP20169
CSWM Organics Facility Detailed Design	PRP20172
Cheam Landfill Closure Plan and Leachate Treatment Plan	PRP20175
Mission Flats Landfill LFG Monitoring 2021	PRP20176
Ashcroft Treating Monitoring 2020	PRP20178
Whistler Landfill Post-Closure Monirtoring Program	PRP20179
Lillooet Landfill Annual Report	PRP20181
SLRD Transfer Station Design	PRP20182
Hartland Landfill IEPA Modelwith Earth Fx	PRP20183
Maplewood Site Remediation	PRP20184
Quesnel Landfill - LFG Investigation and Mitigation Strategy	PRP20185
Kitwanga Landfill Closure Plan and Report	PRP20186
Skway Landfill Contaminating Lifespan Analysis	PRP20187
CRD Surveys	PRP20188
RDOS OK Falls Master Plan and DOCP	PRP20189
Iskut Landfill Feasibility Assessment	PRP20190
Fortis Okanagan Capacity Upgrade - at CML for RDOS	PRP20191
CVRD Campbell River Management Centre Closure Design	PRP20192
Atlantic Power - 2021 Proposals - Closure-SW-Monitoirng	PRP20193
Vancouver Landfill - Consultant for End Use Planning	PRP20194
CVRD Engineering Services for Cell Design	PRP20195
Campbell Mtn Landfill - DOCP Update & Master Plan	PRP20196
HVC Design and Permitting	PRP21108
Gibraltar Mine Tire Impacts	PRP21111
Third Street Landfill Monitoring 2021	PRP21113
Thornhill LFG Flare 2020 GHG Quantification and Annual Service	PRP21114
Meadowland Monitoring 2021	PRP21116
DSS Monitoring 2021	PRP21117
Prince Rupert Landfill Closure	PRP21122
Central Landfill - Phase B Concept Design and Costing	PRP21127
Inter River Monitoring 2021	PRP21131
Quesnel Landfill - Phase 1 Berm Design	PRP21132
Hartland Landfill DOCP	PRP21134
Forceman Landfill Phase 1 Cell Expansion	PRP21135
Whistler LFG Migration Assessment	PRP21137
Everett Crowley Park Vancouver - Leachate Breakout	PRP21138
Lower Nicola BioCover 2020 GHG Report	PRP21139
Heffley Creek BioCover 2020 GHG Report	PRP21140
Prince Rupert Phase 1 West Filling Plan	PRP21141
6760 62B Street Soil Deposition Permit	PRP21142
Quesnel Landfill LFG Migration Control	PRP21143
RDKS RFP Assistance	PRP21145
Cheam Landfill Leachate Treatment System Detailed Design	PRP21146
Prince Rupert DOCP Update	PRP21147
RDEK Central Subregion Landfill DOCP Update and Conformance Review	PRP21152
City of Terrace Landfill Interim Landfill Leachate Design	PRP21156
CSRD Columbia Shuswap Solid Waste Economic Review	PRP21157
7 MileLandfill Contaminateing Lifespan Analysis	PRP21158
Whitecourt Landfill - Slope Cutback and Regrade Design and Contract Admin	PRP21162
Aerial Mapping Data Analysis	PRP21163
Woodfibre LNG Landfill Closure	PRP21164
KRRC Lateral Expansion Preliminary Design	PRP21167
Quesnel Landfill DOCP	PRP21174
Invermere Transfer Station Design	PRP21177
Gibraltar Mine Landfill LFG Investigations and Training	PRP21180
Squamish LFG O&M Manual and Training	PRP21181
Lillooeet Landfill DOCP for SLRD	PRP21182
Squamish LF Optimization - DOCP Fill Plan and Capital Plan Update	PRP21183
Squamish Request for Supplier Qualifications	PRP21188
SCRD Solid Waste Management Plan Update	PRP21189
Lillooet Annual Report 2021	PRP21190
RDCK Request for Standing Offers	PRP21193
Canfor Canal Flats Landfill Closure Plan	PRP21194
8662 River Road - Well Design and Drainage	PRP21195
CSRD SWMP Effectiveness Review	PRP21196
Haines Junction SWMP	PRP22101
PRRD Solid Waste Tipping Fee Review	PRP22111
HVC Annual Report 2021	PRP22112
Aerial Survey Landfill DEM records	PRP22131
RDEK Legacy Site Assessments	PRP22140
Summerland DOCP and Master Plan	PRP22143
Barnhartvale DOCP	PRP22145
SLRD Water Quality Monitoring	PRP22147
SCRD SWMP Update	PRP22148
VLF DOCP Update	PRP22154
Whitecourt Phase B Expansion	PRP22158
CRD Call for Credentials	PRP22165
CCRD SWMP 5 Year Effectiveness Review	PRP22169
Bailey Landfill Aerial Photography and Survey	PRP22170
RDNO SWMP Update	PRP22171
GVDDF Scale Upgrade Project	PRP22174
RDOS Environmental Monitoring Reporting	PRP22175
Coquitlam Landfill Comprehensive Environmental Services	PRP23101
CRD Options Analysis for Wastewater Treatment Burgoyne Septage Facility	PRP23102
Bailey Landfill NE Wedge Liner Extension Design Build	PRP23103
RDKS RFQ Solid Waste 2022 EEMP Annual reports	PRP23106
Meziadin Landfill Wetland Design and Construction Services	PRP23108
CoK Barnhartvale and Owl Road Landfill Supplementary LFG Generation Assessment	PRP23109
MetroVancouver SWMP Update	PRP23110
LFG Investigation - China Creek South Skatepark Upgrades	PRP23112
CRD Call for Credentials	PRP23117
Inter River Monitoring	PRP23118
Opportunities with Matcon	PRP23120
Third Street Monitoring 2023	PRP23121
Squamish Landfill Monitoring and Operations Reporting	PRP23123
Eskay Creek Landfill Preliminary Proposal	PRP23126
Biocover Feasibility Study Sechelt Landfill Phase 2 (Pilot)	PRP23127
RDCK LFG Generation Assessements (Creston, Central, Ootischenia)	PRP23129
RDCK Transfer Station Upgrades (Rosebery, Slocan, Nakusp)	PRP23130
Foothills Blvd Regional Landfill Cell Two Development	PRP23132
RDOS Compost Facility Design	PRP23140
Devine Transfer Station Facility Assessment	PRP23141
Lillooet Landfill Facility Assessment	PRP23142
Sint Maarten DOCP (EOI)	PRP23144
Coquitlam Landfill Flare Station Design Services	PRP23145
Skway Landfill Flare Service	PRP23146
Quesnel DOCP, Annual Report and LFG Generation Assessment	PRP23147
Squamish Well Repairs	PRP23148
Alpha Landfill (Pond Rebuild)	PRP23150
Islands Landfill DOCP	PRP23151
Taylor Landfill Closure	PRP23152
Durham Region Sustainability Policy (sub)	PRP23153
Campbell Mtn Landfill - North Ravine Berm Design	PRP23154
UBC Compost Facility Conceptual Design	PRP23155
Skway Landfill Flare 2024 Quartely Inspections	PRP23156
Squamish LFG System Expansion Construction Support	PRP23157
RDN Request for Qualifications	PRP23159
Campbell Mtn Landfill - GMW Decommissioning	PRP23160
Arrow Composting - Impermeable Surface Analysis Review	PRP23161
Hydrogeology and Hydrology Characterization Study for Central Landfill	PRP23162
Cranberry Landfill Permitting	PRP23163
Kruger Inclinometer Casing Extension	PRP23164
Haida Gwaii Wood Waste Site Closure for A&A Trading	PRP23165
Bailey Landfill Fill Plan	PRP23166
Bailey Landfill Fill Plan	PRP24101
Kamloops Landfills Aerial Surveying 2024	PRP24102
2024 Well Field Review and Expansion - Foothills Boulevard Regional Landfill	PRP24103
Islands Landfill 2024	PRP24104
Cariboo CRD Site Surveys	PRP24105
Oliver Landfill - Fill Plan	PRP24106
GOSH - Environmental Monitoring	PRP24107
Port Mann Landfill Redevelopment	PRP24108
7 Mile Landfill 2023 Annual Report	PRP24109
Kruger Flood Mitigation Dike	PRP24110
Cariboo CRD Site Surveys - 11 Sites	PRP24111
Squamish Landfill Lateral Expansion - 25% Design	PRP24112
Thornhill Landfill Flare Service and 2023 GHG Quantification	PRP24113
Consulting Services for Eastview Landfill Gas Plan	PRP24114
Third Street Monitoring 2024	PRP24115
Meadowland Monitoring 2024	PRP24116
DSS Monitoring 2024	PRP24117
Nakusp WWTP Liner Supply and Install to Former Infiltration Basins	PRP24118
Wasa Phase 2 ESA 2024	PRP24119
Delta Compost Facility- InspectionsCalculations and Reports	PRP24120
Columbia Valley Landfill Progressive Closure	PRP24121
RDKS Landfill Feasibility Study	PRP24122
Hope Monitoring 2024	PRP24123
Campbell Mtn Landfill - Test Pitting Investigation	PRP24124
Campbell Mtn - Baseline Biocover Scan	PRP24125
Sparwood Z-Wall Design	PRP24126
Whitecourt DOCP Update	PRP24127
Whitecourt Phase 2A Fill Plan	PRP24128
CRD RFEOI Disaster Debris Management Planning	PRP24128
Kitwanga Landfill Closure	PRP24130
Vancouver Landfill Capity Max for Metro Vancouver	PRP24131
HVC 2040 Permitting Support 2024	PRP24132
Indigenous Professional Services Inc - Land Development Support	PRP24134
Lillooet Landfill - MW Install Administrtation	PRP24135
RDMW SWMP Review	PRP24136
HVC Annual Report 2023	PRP24137
Teck Master Service Agreement - MA review	PRP24138
GVDDF Leachate Pond Dam Spillway	PRP24139
Environmental Services for BC Transit	PRP24140
RDCK Transfer Station	PRP24141
Woodfibre LNG Construction Laydown	PRP24142
Haines Junction Landfill Roadworks	PRP24143
Islands Landfill DOCP	PRP24144
New Westminster SWMP	PRP24145
RDBN Organics Feasibility Study	PRP24146
Squamish Landfill Engineering Support	PRP24147
Squamish Waste Composition Audit	PRP24148
Quesnel Landfill Strategic Planning	PRP24148
VLF Flare Stations Upgrade	PRP24150
Calgary Engineering Consulting	PRP24151
GFL Litter Fence	PRP24152
Matcon Biocell Design	PRP24153
RDN New Landfill Siting	PRP24154
SCRD Vertical Expansion and Waste Export Feasibility Study	PRP24155
Kruger Mill - Infrastructure Inventorying Mapping	PRP24156
FVRD MSW Disposal Capacity Study	PRP24157
NPEP Bahamas Engineering Services	Prp24158
ACRD NG 911	PRP24159
Squamish Landfill Lateral Expansion Technical Report	PRP24160
Dawson City Soil Treatment Facility	PRP24161
Nakusp LF_Fill to Closure	PRP24162
RDKS Landfills Airspace Analysis	PRP24163
Kamloops Landfill - Conformance Reviews	PRP24164
Mission Flats LF - LFG Collection System Design and Construction	PRP24165
Oliver Landfill - Supplementary LFG Assessment	PRP24166
OK Falls Landfill - Supplementary LFG Assessment	PRP24167
Athabasca County Landfill Site Assessments	PRP24168
Northwin Landfill Engineering 2024	PRP24169
TNRD Five-Year Effectiveness Review of the 2018 Regional Solid Waste Management Plan	PRP24170
Abbotsford Curbside Waste Composition Study	PRP24171
CRD Hartland Intersection Improvement	PRP24172
RDFFG Engineering Services	PRP24173
District of Squamish Transfer Station Improvments	PRP24174
CVRD Environmental Monitoring and Annual Reporting	PRP24175
Quesnel Landfill - Annual Report - 5-year term	PRP24176
OK Falls Landfill - Overfill Review	PRP24177
Grande Prairie Landfill Expansion and Closure Planning	PRP24178
Aerial Survey Services RDFFG 2024 George	PRP24179
Yukon Wolverine Mine Landfill Project	PRP24180
Clearview Landfill Expansion	PRP24181
Everett Crowley Landfill	PRP24182
CRD Hartland Monitoring	PRP24183
Campbell Mountain LF - UBCiModel Calibration_biocover Rnd 1	PRP24184
Sampling to Support Water Use Determination - Cokato	PRP24184
RDKB Landfill Criteria Conformance Reviews and Upgrading Plans	PRP24186
RDNO Armstrong Spallumcheen Diversion & Disposal Facility Phase 2 Closure Design	PRP24187
Prince Rupert Leachate Treatment	PRP24188
Calgary LFG	PRP24189
Guyana EMGL New Landfill	PRP24190
Iskut Landfill Design Review for new Tenure	PRP24191
RDCK Monitoring	PRP24192
RDKS Forceman Landfill Cell 1C Design	PRP24193
7-Mile Landfill Supplementary LFG Assessment	PRP24194
VLF Landfill Gas System Design and Contract Administration	PRP24195
Elkford Transfer Station - Phse 2 ESA	PRP24196
Bailey Landfill Regulatory Reports	PRP24197
Gas Collection and Control Systems at Taylor Park	PRP24198
Civil Engineering Expert Report	PRP24199
Biocell for Sunridge Contracting	PRP24200
Chase Collection Service Business Case	PRP24201
Meziadin Landfill Expansion and Temporary Closure	PRP24202
CRD Waste Area Guidelines	PRP25120
Saint Lucia Landfill Project	PRP25125
TNRD Landfill Consulting	PRP25129
Nanaimo Landfill Phase 3 Southeast Berm Design	PRP25133
Forcemman Ridge Waste Management Facility Survey	PRJ25024
RDN Standing Offer	PRP25144
Mission Flats Landfill Progressive Closure Design and Construction	PRJ25023
Squamish Landfill Lateral Expansion Access Road Construction	PRJ25041
RDN Phase 3 PreDesign	PRJ25060
CCRD Engineering Services	PRP25178
Columbia Valley Landfill - DOCP Update	PRJ25029
Golden Landfill DOCP Update 2025	PRJ25032
Ridge Meadows Recycling Depot Traffic Management Plan	PRJ25066
HVC Lornex Landfill - Overhaul and Transport RFP	PRP25180
River City Discharge	PRP25186
HVC Lornex Landfill - Overhaul and Transport and Tip RFP	PRJ25076
River City Fiber - Compliance Support	PRJ25080
Thompson Landfill Study	PRP25188
PRRD Waste Collection Assessment Study	PRP25194
Creston Landfill - Phase 1C&D Closure Design	PRJ25064
Bailey Landfill Regulatory Reports	PRJ25020
Vancouver Parks Consulting	PRP25123
CCRD Engineering Services	PRJ25099
Astria Building Design Services	PRJ26031
Astria Properties JPD  Miller	PRP26117
Livingstone Park Turf Field Renewal	PRJ26035
SLRD GIS Strategic Plan	PRP26122
City of Kelowna - Municipal Infrastructure Consulting	PRP26128
Tseshaht ACRD Landfill Siting	PRJ26040
Maple Ridge Geohazard Mapping	PRP26140
Terrace Bay Airspace	PRP26146
Squamish Landfill Phase 2 LFG Expansion	PRJ25040
UBC Conceptual Composting Facility Design and Cost Estimate Update	PRJ26042
Ootischenia Transfer Station Design and Construction	PRJ26058
Gracia Landfill South Closure	PRJ26068
Discharge from 9250 River Rd, Delta Site (Permit 100997 and 101180)	PRJ26010
